Movie Title,Year,Score,Adjusted Score,Director,Synopsis,Cast,Consensus
Running Scared,1986,59,59010,Peter Hyams,"Ray and Danny (Gregory Hines, Billy Crystal) are two Chicago police detectives hot on the trail of drug kingpin Julio... [More]","Gregory Hines, Billy Crystal, Jimmy Smits, Steven Bauer","Running Scared struggles to strike a consistent balance between violent action and humor, but the chemistry between its well-matched leads keeps things entertaining."
Equilibrium,2002,41,42598,Kurt Wimmer,"In a futuristic world, a regime has eliminated war by suppressing emotions: books, art and music are strictly forbidden and... [More]","Christian Bale, Emily Watson, Taye Diggs, Angus Macfadyen",Equilibrium is a reheated mishmash of other sci-fi movies.
Hero,2002,94,102642,Zhang Yimou,"In this visually arresting martial arts epic set in ancient China, an unnamed fighter (Jet Li) is being honored for... [More]","Jet Li, Tony Leung Chiu Wai, Maggie Cheung Man-yuk, Donnie Yen","With death-defying action sequences and epic historic sweep, Hero offers everything a martial arts fan could ask for."
Road House,1989,37,39934,Rowdy Herrington,"The Double Deuce is the meanest, loudest and rowdiest bar south of the Mason-Dixon Line, and Dalton (Patrick Swayze) has... [More]","Patrick Swayze, Kelly Lynch, Sam Elliott, Ben Gazzara",Whether Road House is simply bad or so bad it's good depends largely on the audience's fondness for Swayze -- and tolerance for violently cheesy action.
Unstoppable,2010,87,93750,Tony Scott,"When a massive, unmanned locomotive roars out of control, the threat is more ominous than just a derailment. The train... [More]","Denzel Washington, Chris Pine, Rosario Dawson, Kevin Dunn","As fast, loud, and relentless as the train at the center of the story, Unstoppable is perfect popcorn entertainment -- and director Tony Scott's best movie in years."
Shaft,1971,87,90349,Gordon Parks,"John Shaft (Richard Roundtree) is the ultimate in suave black detectives. He first finds himself up against Bumpy (Moses Gunn),... [More]","Richard Roundtree, Moses Gunn, Christopher St. John, Charles Cioffi","This is the man that would risk his neck for his brother, man. Can you dig it?"
The Villainess,2017,85,90989,Jeong Byeong-gil,"Honed from childhood to be an elite assassin, Sook-hee embarks on a rampage of violence and revenge to finally earn... [More]","Kim Ok-bin, Shin Ha-kyun, Sung-joon, Kim Seo-hyung",The Villainess offers enough pure kinetic thrills to satisfy genre enthusiasts -- and carve out a bloody niche for itself in modern Korean action cinema.
Highlander,1986,70,73015,Russell Mulcahy,When the mystical Russell Nash (Christopher Lambert) kills a man in a sword fight in a New York City parking... [More],"Christopher Lambert, Sean Connery, Roxanne Hart, Clancy Brown","People hate Highlander because it's cheesy, bombastic, and absurd. And people love it for the same reasons."
Die Hard 2,1990,69,72292,Renny Harlin,"A year after his heroics in L.A, detective John McClane (Bruce Willis) is mixed up in another terrorist plot, this... [More]","Bruce Willis, Bonnie Bedelia, William Atherton, Reginald VelJohnson","It lacks the fresh thrills of its predecessor, but Die Hard 2 still works as an over-the-top -- and reasonably taut -- big-budget sequel, with plenty of set pieces to paper over the plot deficiencies."
National Treasure,2004,46,53268,Jon Turteltaub,Historian and code-breaker Ben Gates (Nicolas Cage) has been searching his whole life for a rumored treasure dating back to... [More],"Nicolas Cage, Diane Kruger, Justin Bartha, Sean Bean","National Treasure is no treasure, but it's a fun ride for those who can forgive its highly improbable plot."
The Protector,2005,53,56396,Prachya Pinkaew,A young fighter (Tony Jaa) travels to Australia to retrieve stolen elephants that were promised originally to the king of... [More],"Tony Jaa, Johnny Nguyen, Nathan Jones, Petchtai Wongkamlao","Despite some impressive fight scenes, this trimmed-down version of the Thai action pic is an off-putting mix of scant plot, choppy editing, and confusing subtitles and dubbing."
Revenge,2017,93,99777,Coralie Fargeat,Jen is enjoying a romantic getaway with her wealthy boyfriend -- until his two sleazy friends arrive for an unannounced... [More],"Matilda Lutz, Kevin Janssens, Vincent Colombe, Guillaume Bouchède","Revenge slices and dices genre tropes, working within an exploitation framework while adding a timely -- yet never less than viscerally thrilling -- feminist spin."
El Mariachi,1992,91,96192,Robert Rodriguez,El Mariachi (Carlos Gallardo) is a traveling guitar player with the modest desire to play music for a living. Looking... [More],"Carlos Gallardo, Consuelo Gómez, Reinol Martinez, Peter Marquardt","Made on a shoestring budget, El Mariachi's story is not new. However, the movie has so much energy that it's thoroughly enjoyable."
A Touch of Zen,1971,97,98391,King Hu,"Ku Shen Chai (Chun Shih), an unmotivated artist in his early 30s, still lives with his mother, but he is... [More]","Feng Hsu, Chun Shih, Pai Ying, Roy Chiao","A brilliantly directed feast for the eyes with an epic story to match, A Touch of Zen marks a groundbreaking achievement in the wuxia genre."
Top Gun,1986,58,65031,Tony Scott,The Top Gun Naval Fighter Weapons School is where the best of the best train to refine their elite flying... [More],"Tom Cruise, Kelly McGillis, Anthony Edwards, Val Kilmer","Though it features some of the most memorable and electrifying aereial footage shot with an expert eye for action, Top Gun offers too little for non-adolescent viewers to chew on when its characters aren't in the air."
Con Air,1997,56,58795,Simon West,"Just-paroled army ranger Cameron Poe (Nicolas Cage) is headed back to his wife (Monica Potter), but must fly home aboard... [More]","Nicolas Cage, John Cusack, John Malkovich, Steve Buscemi","Con Air won't win any awards for believability - and all involved seem cheerfully aware of it, making some of this blockbuster action outing's biggest flaws fairly easy to forgive."
The Expendables 2,2012,67,72405,Simon West,"Mercenary leader Barney Ross (Sylvester Stallone), Lee Christmas (Jason Statham) and the rest of the Expendables team reunite when Mr.... [More]","Sylvester Stallone, Jason Statham, Jet Li, Dolph Lundgren","Taut, violent, and suitably self-deprecating, The Expendables 2 gives classic action fans everything they can reasonably expect from a star-studded shoot-'em-up -- for better and for worse."
The Mummy,1999,61,65064,Stephen Sommers,"The Mummy is a rousing, suspenseful and horrifying epic about an expedition of treasure-seeking explorers in the Sahara Desert in... [More]","Brendan Fraser, Rachel Weisz, John Hannah, Arnold Vosloo","It's difficult to make a persuasive argument for The Mummy as any kind of meaningful cinematic achievement, but it's undeniably fun to watch."
Mr. & Mrs. Smith,2005,60,68300,Doug Liman,"John (Brad Pitt) and Jane Smith (Angelina Jolie), a couple in a stagnating marriage, live a deceptively mundane existence. However,... [More]","Brad Pitt, Angelina Jolie, Vince Vaughn, Adam Brody","Although this action-romance suffers from weak writing and one too many explosions, the chemistry generated by onscreen couple Pitt and Jolie is palpable enough to make this a thoroughly enjoyable summer action flick."
Rush Hour,1998,61,63515,Brett Ratner,"When a Chinese diplomat's daughter is kidnapped in Los Angeles, he calls in Hong Kong Detective Inspector Lee (Jackie Chan)... [More]","Jackie Chan, Chris Tucker, Tom Wilkinson, Elizabeth Peña",A kick-ass addition to the cop-buddy film genre.
The Equalizer,2014,59,67784,Antoine Fuqua,"Robert McCall (Denzel Washington), a man of mysterious origin who believes he has put the past behind him, dedicates himself... [More]","Denzel Washington, Marton Csokas, Chloë Grace Moretz, David Harbour","The Equalizer is more stylishly violent than meaningful, but with Antoine Fuqua behind the cameras and Denzel Washington dispensing justice, it delivers."
Captain America: Civil War,2016,90,118244,Anthony Russo,Political pressure mounts to install a system of accountability when the actions of the Avengers lead to collateral damage. The... [More],"Chris Evans, Robert Downey Jr., Scarlett Johansson, Sebastian Stan",Captain America: Civil War begins the next wave of Marvel movies with an action-packed superhero blockbuster boasting a decidedly non-cartoonish plot and the courage to explore thought-provoking themes.
Air Force One,1997,78,81231,Wolfgang Petersen,"After making a speech in Moscow vowing to never negotiate with terrorists, President James Marshall (Harrison Ford) boards Air Force... [More]","Harrison Ford, Gary Oldman, Glenn Close, Wendy Crewson","This late-period Harrison Ford actioner is full of palpable, if not entirely seamless, thrills."
Bloodsport,1988,46,46392,Newt Arnold,"U.S. soldier Frank Dux (Jean-Claude Van Damme) has come to Hong Kong to be accepted into the Kumite, a highly... [More]","Jean-Claude Van Damme, Donald Gibb, Leah Ayres, Norman Burton","This is where it all began for the Muscles from Brussels, but beyond Van Damme's athleticism, Bloodsport is a cliched, virtually plotless exercise in action movie recycling."
Blade,1998,57,62528,Stephen Norrington,"A half-mortal, half-immortal is out to avenge his mother's death and rid the world of vampires. The modern-day technologically advanced... [More]","Wesley Snipes, Stephen Dorff, Kris Kristofferson, N'Bushe Wright","Though some may find the plot a bit lacking, Blade's action is fierce, plentiful, and appropriately stylish for a comic book adaptation."
Bad Boys,1995,42,45927,Michael Bay,Miami-Dade detectives Mike Lowrey (Will Smith) and Marcus Burnett (Martin Lawrence) blow a fuse when $100 million worth of heroin... [More],"Martin Lawrence, Will Smith, Tea Leoni, Tcheky Karyo","Bad Boys stars Will Smith and Martin Lawrence have enjoyable chemistry; unfortunately, director Michael Bay too often drowns it out with set pieces and explosions in place of an actual story."
Die Hard With a Vengeance,1995,59,63851,John McTiernan,"Detective John McClane (Bruce Willis) is now divorced, alcoholic and jobless after getting fired for his reckless behavior and bad... [More]","Bruce Willis, Jeremy Irons, Samuel L. Jackson, Graham Greene","Die Hard with a Vengeance benefits from Bruce Willis and Samuel L. Jackson's barbed interplay, but clatters to a bombastic finish in a vain effort to cover for an overall lack of fresh ideas."
The Running Man,1987,67,68981,Paul Michael Glaser,"In the year 2019, America is a totalitarian state where the favorite television program is ""The Running Man"" -- a... [More]","Arnold Schwarzenegger, Maria Conchita Alonso, Richard Dawson, Yaphet Kotto",The Running Man is winking sci-fi satire with ridiculous clothes and workmanlike direction.
Code of Silence,1985,70,70809,Andrew Davis,"In Chicago, honor-driven Sgt. Eddie Cusack (Chuck Norris) and his team stake out a drug exchange involving notorious drug czar... [More]","Chuck Norris, Henry Silva, Bert Remsen, Mike Genovese",No consensus yet.
Shoot 'Em Up,2007,67,72954,Michael Davis,"After saving a newborn infant from assassins, carrot-crunching gunman Mr. Smith (Clive Owen) teams up with a prostitute named DQ... [More]","Clive Owen, Paul Giamatti, Monica Bellucci, Daniel Pilon","As preposterous and over-the-top as Shoot 'Em Up may be, its humor and non-stop action make for a very enjoyable film."
Crank,2006,61,64787,Mark Neveldine,"Chev Chelios (Jason Statham), a hit man wanting to go straight, lets his latest target slip away, then he awakes... [More]","Jason Statham, Amy Smart, Jose Pablo Cantillo, Efren Ramirez","Crank's assaultive style and gleeful depravity may turn off casual action fans, but audiences seeking a strong dose of adrenaline will be thrilled by Jason Statham's raucous race against mortality."
Machete,2010,71,78705,Robert Rodriguez,"After nearly being killed during a violent fight with a powerful drug lord, a former Mexican Federale known as Machete... [More]","Danny Trejo, Robert De Niro, Jessica Alba, Steven Seagal","Machete is messy, violent, shallow, and tasteless -- and that's precisely the point of one of the summer's most cartoonishly enjoyable films."
Drive,2011,93,103416,Nicolas Winding Refn,"Driver is a skilled Hollywood stuntman who moonlights as a getaway driver for criminals. Though he projects an icy exterior,... [More]","Ryan Gosling, Carey Mulligan, Bryan Cranston, Albert Brooks","With its hyper-stylized blend of violence, music, and striking imagery, Drive represents a fully realized vision of arthouse action."
Batman,1989,73,78044,Tim Burton,"Having witnessed his parents' brutal murder as a child, millionaire philanthropist Bruce Wayne (Michael Keaton) fights crime in Gotham City... [More]","Jack Nicholson, Michael Keaton, Kim Basinger, Robert Wuhl","An eerie, haunting spectacle, Batman succeeds as dark entertainment, even if Jack Nicholson's Joker too often overshadows the title character."
Under Siege,1992,79,80819,Andrew Davis,"A heroic loner takes on a group of nuclear terrorists in this seagoing tale. Posing as a rock band, the... [More]","Steven Seagal, Tommy Lee Jones, Gary Busey, Erika Eleniak","A well-directed action thriller that makes the most of its confined setting, Under Siege marks a high point for early '90s action -- and its star's spotty filmography."
Independence Day,1996,67,71616,Roland Emmerich,"In the epic adventure film ""Independence Day,"" strange phenomena surface around the globe. The skies ignite. Terror races through the... [More]","Will Smith, Bill Pullman, Jeff Goldblum, Mary McDonnell","The plot is thin and so is character development, but as a thrilling, spectacle-filled summer movie, Independence Day delivers."
Bullitt,1968,98,101580,Peter Yates,Senator Walter Chalmers (Robert Vaughn) is aiming to take down mob boss Pete Ross (Vic Tayback) with the help of... [More],"Steve McQueen, Robert Vaughn, Jacqueline Bisset, Don Gordon",Steve McQueen is cool as ice in this thrilling police procedural that also happens to contain arguably the greatest movie car chase ever.
Wanted,2008,71,79840,Timur Bekmambetov,"Wesley Gibson (James McAvoy) is an office worker whose life is going nowhere. After his estranged father is murdered, he... [More]","James McAvoy, Morgan Freeman, Angelina Jolie, Terence Stamp","Wanted is stylish, energetic popcorn fare with witty performances from Angelina Jolie (playing an expert assassin), James McAvoy, and Morgan Freeman that help to distract from its absurdly over-the-top plot."
Superman: The Movie,1978,95,101570,Richard Donner,"Just before the destruction of the planet Krypton, scientist Jor-El (Marlon Brando) sends his infant son Kal-El on a spaceship... [More]","Christopher Reeve, Gene Hackman, Marlon Brando, Margot Kidder","Superman deftly blends humor and gravitas, taking advantage of the perfectly cast Christopher Reeve to craft a loving, nostalgic tribute to an American pop culture icon."
Ronin,1998,69,71268,John Frankenheimer,"Deirdre (Natascha McElhone) puts together a team of experts that she tasks with stealing a valuable briefcase, the contents of... [More]","Robert De Niro, Jean Reno, Natascha McElhone, Stellan Skarsgard","Ronin earns comparisons to The French Connection with strong action, dynamic road chase scenes, and solid performances."
They Live,1988,85,88229,John Carpenter,"Nada (Roddy Piper), a wanderer without meaning in his life, discovers a pair of sunglasses capable of showing the world... [More]","Roddy Piper, Keith David, Meg Foster, George ""Buck"" Flower","A politically subversive blend of horror and sci fi, They Live is an underrated genre film from John Carpenter."
Cliffhanger,1993,67,71198,Renny Harlin,Outdoor thriller in which a former mountain rescuer is pitted against a group of criminals who have lost their $100... [More],"Sylvester Stallone, John Lithgow, Michael Rooker, Janine Turner","While it can't escape comparisons to the movies it borrows from, Cliffhanger is a tense, action-packed thriller and a showcase for the talents that made Sylvester Stallone a star."
Marvel's the Avengers,2012,91,106798,Joss Whedon,"When Thor's evil brother, Loki (Tom Hiddleston), gains access to the unlimited power of the energy cube called the Tesseract,... [More]","Robert Downey Jr., Chris Evans, Mark Ruffalo, Chris Hemsworth","Thanks to a script that emphasizes its heroes' humanity and a wealth of superpowered set pieces, The Avengers lives up to its hype and raises the bar for Marvel at the movies."
Hot Fuzz,2007,91,100042,Edgar Wright,"As a former London constable, Nicholas Angel (Simon Pegg) finds if difficult to adapt to his new assignment in the... [More]","Simon Pegg, Nick Frost, Jim Broadbent, Paddy Considine",The brilliant minds behind Shaun of the Dead successfully take a shot at the buddy cop genre with Hot Fuzz. The result is a bitingly satiric and hugely entertaining parody.
The Warriors,1979,87,90566,Walter Hill,A turf battle between New York City street gangs that rages from Coney Island to the Bronx. The Warriors are... [More],"Michael Beck, James Remar, Dorsey Wright, Brian Tyler","As violent as it is stylish, The Warriors is a thrilling piece of pulp filmmaking."
Starship Troopers,1997,66,69795,Paul Verhoeven,"In the distant future, the Earth is at war with a race of giant alien insects. Little is known about... [More]","Casper Van Dien, Dina Meyer, Denise Richards, Jake Busey",A fun movie...if you can accept the excessive gore and wooden acting.
Elite Squad 2,2010,91,92092,José Padilha,"Dirty cops and corrupt, powerful politicians threaten Nascimento (Wagner Moura).... [More]","Wagner Moura, Irandhir Santos, André Ramiro, Pedro Van-Held","Elite Squad: The Enemy Within is a bleak, violent descent into the Brazilian underbelly, ripping into the favelas with unstoppable and kinetic force."
Point Break,1991,70,73922,Kathryn Bigelow,"After a string of bizarre bank robberies in Southern California, with the crooks donning masks of various former presidents, a... [More]","Patrick Swayze, Keanu Reeves, Gary Busey, Lori Petty","Absurd, over-the-top, and often wildly entertaining, Point Break is here to show you that the human spirit is still alive."
The Long Kiss Goodnight,1996,68,68476,Renny Harlin,Schoolteacher and single mother Samantha Caine (Geena Davis) lives an average suburban life -- until she begins having strange memories... [More],"Geena Davis, Samuel L. Jackson, Patrick Malahide, Craig Bierko","Smart, sharp-witted, and fueled by enjoyably over-the-top action, The Long Kiss Goodnight makes up in impact what it lacks in consistent aim."
The Guest,2014,92,95580,Adam Wingard,A string of mysterious deaths leads a teenager to become suspicious of a soldier (Dan Stevens) who showed up on... [More],"Dan Stevens, Maika Monroe, Leland Orser, Sheila Kelley","Boasting enough intelligence to bolster its darkly violent thrills, The Guest offers another treat for genre fans from director Adam Wingard."
Taken,2008,59,65395,Pierre Morel,"Bryan Mills (Liam Neeson), a former government operative, is trying to reconnect with his daughter, Kim (Maggie Grace). Then his... [More]","Liam Neeson, Maggie Grace, Famke Janssen, Leland Orser","Taken is undeniably fun with slick action, but is largely a brainless exercise."
300,2006,61,71732,Zack Snyder,"In 480 B.C. a state of war exists between Persia, led by King Xerxes (Rodrigo Santoro), and Greece. At the... [More]","Gerard Butler, Lena Headey, David Wenham, Dominic West","A simple-minded but visually exciting experience, full of blood, violence, and ready-made movie quotes."
True Lies,1994,69,71874,James Cameron,"Secretly a spy but thought by his family to be a dull salesman, Harry Tasker (Arnold Schwarzenegger) is tracking down... [More]","Arnold Schwarzenegger, Jamie Lee Curtis, Tom Arnold, Bill Paxton","If it doesn't reach the heights of director James Cameron's and star Arnold Schwarzenegger's previous collaborations, True Lies still packs enough action and humor into its sometimes absurd plot to entertain."
Demolition Man,1993,62,61798,Marco Brambilla,"With innocent victims caught in the crossfire in Los Angeles' intensifying war on crime, both cop John Spartan (Sylvester Stallone)... [More]","Sylvester Stallone, Wesley Snipes, Sandra Bullock, Nigel Hawthorne","A better-than-average sci-fi shoot-em-up with a satirical undercurrent, Demolition Man is bolstered by strong performances by Sylvester Stallone, Wesley Snipes, and Sandra Bullock."
Hardcore Henry,2015,51,60181,Ilya Naishuller,A man wakes up in a Moscow laboratory to learn that he's been brought back from the dead as a... [More],"Sharlto Copley, Danila Kozlovsky, Haley Bennett, Dasha Charusha","Hardcore Henry seems poised to reinvent the action flick, but without a story or characters worth caring about, its first-person gimmick quickly loses its thrill."
Police Story,1985,93,92133,Jackie Chan,A kung-fu policeman (Jackie Chan) must protect a female witness (Brigitte Lin) from a Hong Kong drug lord for whom... [More],"Jackie Chan, Brigitte Lin, Maggie Cheung, Bill Tung","Blending brilliant physical comedy with thrillingly choreographed set pieces, Police Story makes a persuasive case for Jackie Chan as one of the all-time genre greats."
Brotherhood of the Wolf,2001,73,76864,Christophe Gans,"In a rural province of France, a mysterious creature is laying waste to the countryside, savagely killing scores of women... [More]","Samuel Le Bihan, Mark Dacascos, Émilie Dequenne, Vincent Cassel","Brotherhood of the Wolf mixes its genres with little logic, but the end result is wildly entertaining."
Kingsman: The Secret Service,2014,75,85124,Matthew Vaughn,"Gary ""Eggsy"" Unwin (Taron Egerton), whose late father secretly worked for a spy organization, lives in a South London housing... [More]","Colin Firth, Michael Caine, Taron Egerton, Samuel L. Jackson","Stylish, subversive, and above all fun,  Kingsman: The Secret Service  finds director Matthew Vaughn sending up the spy genre with gleeful abandon."
The Fifth Element,1997,71,73795,Luc Besson,"In the 23rd century, a New York City cabbie, Korben Dallas (Bruce Willis), finds the fate of the world in... [More]","Bruce Willis, Gary Oldman, Ian Holm, Milla Jovovich","Visually inventive and gleefully over the top, Luc Besson's The Fifth Element is a fantastic piece of pop sci-fi that never takes itself too seriously."
Big Trouble in Little China,1986,75,79836,John Carpenter,"Kurt Russell plays hard-boiled truck driver Jack Burton, who gets caught in a bizarre conflict within, and underneath, San Francisco's... [More]","Kurt Russell, Kim Cattrall, Dennis Dun, James Hong","Brimming with energy and packed with humor, Big Trouble in Little China distills kung fu B-movies as affectionately as it subverts them."
Atomic Blonde,2017,79,106407,David Leitch,"Sensual and savage, Lorraine Broughton is the most elite spy in MI6, an agent who's willing to use all of... [More]","Charlize Theron, James McAvoy, Eddie Marsan, John Goodman",Atomic Blonde gets enough mileage out of its stylish action sequences -- and ever-magnetic star -- to make up for a narrative that's somewhat less hard-hitting than its protagonist.
Rumble in the Bronx,1995,80,80312,Stanley Tong,"Hong Kong policeman Keung (Jackie Chan) arrives in New York for the wedding of his uncle Bill (Bill Tung), a... [More]","Jackie Chan, Anita Mui, Bill Tung, Françoise Yip",An entertaining Jackie Chan stunt-fest in which the impressive action sequences overcome the low production value and by-the-numbers plot.
District B13,2004,80,84667,Pierre Morel,"In 21st-century Paris, a member (Cyril Raffaelli) of an elite police squad must enter a crime-ridden ghetto to defuse a... [More]","Cyril Raffaelli, David Belle, Tony D'Amario, Larbi Naceri","A nonstop thrill ride, District B13's dizzying action sequences more than make up for any expository flaws."
Beverly Hills Cop,1984,83,86532,Martin Brest,"After his childhood buddy is murdered while visiting Detroit, rebellious cop Axel Foley (Eddie Murphy) follows the leads to Beverly... [More]","Eddie Murphy, Judge Reinhold, John Ashton, Lisa Eilbacher","The buddy cop movie continues its evolution unabated with this Eddie Murphy vehicle that's fast, furious, and funny."
Ong-Bak: The Thai Warrior,2003,85,89271,Prachya Pinkaew,"In Thailand, the impoverished village of Ban Nong Pradu has its most precious Buddha statue stolen from the temple. Luckily... [More]","Tony Jaa, Pumwaree Yodkamol, Petchtai Wongkamlao, Suchao Pongwilai","While Ong-Bak: The Thai Warrior may be no great shakes as a movie, critics are hailing the emergence of a new star in Tony Jaa, whose athletic performance is drawing comparisons with Bruce Lee, Jackie Chan, and Jet Li."
Collateral,2004,86,95886,Michael Mann,A cab driver realizes his current fare is a hit man that has been having him drive around from mark... [More],"Tom Cruise, Jamie Foxx, Jada Pinkett Smith, Mark Ruffalo","Driven by director Michael Mann's trademark visuals and a lean, villainous performance from Tom Cruise, Collateral is a stylish and compelling noir thriller."
Iron Monkey,1993,91,93407,Woo-Ping Yuen,"In a desperate and unjust land, where government corruption rules the day, only one man has the courage to challenge... [More]","Rongguang Yu, Donnie Yen, Sze-Man Tsang, Jean Wang","Iron Monkey may not have the poetic lyricism of Crouching Tiger, it makes up for it in fun and energy."
Escape From New York,1981,86,89983,John Carpenter,"In 1997, a major war between the United States and the Soviet Union is concluding, and the entire island of... [More]","Kurt Russell, Ernest Borgnine, Adrienne Barbeau, Lee Van Cleef","Featuring an atmospherically grimy futuristic metropolis, Escape from New York is a strange, entertaining jumble of thrilling action and oddball weirdness."
Battle Royale,2000,88,88055,Kinji Fukasaku,"42 9th graders are sent to a deserted island. They are given a map, food, and various weapons. An explosive... [More]","Tatsuya Fujiwara, Aki Maeda, Taro Yamamoto, Masanobu Andô","Battle Royale is a controversial and violent parable of adolescence, heightening teenage melodrama with life-or-death stakes."
Spider-Man 2,2004,93,104581,Sam Raimi,"When a failed nuclear fusion experiment results in an explosion that kills his wife, Dr. Otto Octavius (Alfred Molina) is... [More]","Tobey Maguire, Kirsten Dunst, James Franco, Alfred Molina","Boasting an entertaining villain and deeper emotional focus, this is a nimble sequel that improves upon the original."
13 Assassins,2010,95,100003,Takashi Miike,"In this remake of a 1963 film based on historical events, Shinzaemon Shimada leads a team of assassins in 19th-century... [More]","Koji Yakusho, Takayuki Yamada, Yusuke Iseya, Goro Inagaki","Takashi Miike's electric remake of Eiichi Kudo's 1963 period action film is a wild spectacle executed with killer, dizzying panache."
Full Contact,1992,89,76979,Ringo Lam,"Jeff (Chow Yun-Fat), who works as a nightclub bouncer in Bangkok, saves his friend Sam (Wong Chow-Sang) from a beating... [More]","Chow Yun-Fat, Simon Yam, Bonnie Fu, Wong Chow-Sang",No consensus yet.
Indiana Jones and the Last Crusade,1989,88,93953,Steven Spielberg,An art collector appeals to Jones to embark on a search for the Holy Grail. He learns that another archaeologist... [More],"Harrison Ford, Sean Connery, Denholm Elliott, Alison Doody","Lighter and more comedic than its predecessor, Indiana Jones and the Last Crusade returns the series to the brisk serial adventure of Raiders, while adding a dynamite double act between Harrison Ford and Sean Connery."
Kung Fu Hustle,2004,90,98139,Stephen Chow,"When the hapless Sing (Stephen Chow) and his dim-witted pal, Bone (Feng Xiaogang), try to scam the residents of Pig... [More]","Stephen Chow, Yuen Wah, Yuen Qiu, Siu-Lung Leung","Kung Fu Hustle blends special effects, martial arts, and the Looney Toons to hilarious effect."
A Better Tomorrow,1986,93,92519,John Woo,A Hong Kong policeman (Leslie Cheung) blames his reformed-gangster brother (Chow Yun-Fat) for the death of their father.... [More],"Ti Lung, Chow Yun-Fat, Leslie Cheung, Emily Chu",No consensus yet.
Iron Man,2008,94,105230,Jon Favreau,"A billionaire industrialist and genius inventor, Tony Stark (Robert Downey Jr.), is conducting weapons tests overseas, but terrorists kidnap him... [More]","Robert Downey Jr., Terrence Howard, Gwyneth Paltrow, Jeff Bridges","Powered by Robert Downey Jr.'s vibrant charm, Iron Man turbo-charges the superhero genre with a deft intelligence and infectious sense of fun."
The Night Comes for Us,2018,91,91146,Timo Tjahjanto,"Ito, a gangland enforcer, is caught amidst a treacherous and violent insurrection within his Triad crime family.... [More]","Joe Taslim, Iko Uwais, Julie Estelle, Sunny Pang","A bloody thrill ride designed to test the limits of more squeamish viewers, The Night Comes for Us wields a stylishly violent, action-packed punch."
Logan,2017,94,126307,James Mangold,"In the near future, a weary Logan (Hugh Jackman) cares for an ailing Professor X (Patrick Stewart) at a remote... [More]","Hugh Jackman, Patrick Stewart, Dafne Keen, Richard E. Grant","Hugh Jackman makes the most of his final outing as Wolverine with a gritty, nuanced performance in a violent but surprisingly thoughtful superhero action film that defies genre conventions."
Goldfinger,1964,99,104217,Guy Hamilton,"Special agent 007 (Sean Connery) comes face to face with one of the most notorious villains of all time, and... [More]","Sean Connery, Gert Frobe, Honor Blackman, Shirley Eaton","Goldfinger is where James Bond as we know him comes into focus - it features one of 007's most famous lines (""A martini. Shaken, not stirred."") and a wide range of gadgets that would become the series' trademark."
Assault on Precinct 13,1976,95,98790,John Carpenter,"When the LAPD kills several members of the South Central gang Street Thunder, the remaining members avenge themselves by way... [More]","Austin Stoker, Darwin Joston, Laurie Zimmer, Martin West","Lean, taut and compellingly gritty, John Carpenter's loose update of Rio Bravo ranks as a cult action classic and one of the filmmaker's best."
Wonder Woman,2017,93,129245,Patty Jenkins,"Before she was Wonder Woman (Gal Gadot), she was Diana, princess of the Amazons, trained to be an unconquerable warrior.... [More]","Gal Gadot, Chris Pine, Connie Nielsen, Robin Wright","Thrilling, earnest, and buoyed by Gal Gadot's charismatic performance, Wonder Woman succeeds in spectacular fashion."
The Chinese Connection,1972,83,83269,Lo Wei,"Chen Zhen (Bruce Lee) has left his homeland of China and relocated to stay with family in Thailand. Chen, who... [More]","Bruce Lee, Miao Ker Hsiu, James Tien, Robert Baker",No consensus yet.
Captain America: The Winter Soldier,2014,90,102773,Anthony Russo,"After the cataclysmic events in New York with his fellow Avengers, Steve Rogers, aka Captain America (Chris Evans), lives in... [More]","Chris Evans, Scarlett Johansson, Samuel L. Jackson, Sebastian Stan","Suspenseful and politically astute, Captain America: The Winter Soldier is a superior entry in the Avengers canon and is sure to thrill Marvel diehards."
Oldboy,2003,81,87302,Park Chan-wook,"Dae-Su is an obnoxious drunk bailed from the police station yet again by a friend. However, he's abducted from the... [More]","Choi Min-sik, Yoo Ji-tae, Kang Hye-jung, Ji Dae-han","Violent and definitely not for the squeamish, Park Chan-Wook's visceral Oldboy is a strange, powerful tale of revenge."
The French Connection,1971,95,104241,William Friedkin,"New York Detective ""Popeye"" Doyle (Gene Hackman) and his partner (Roy Scheider) chase a French heroin smuggler.... [More]","Gene Hackman, Fernando Rey, Roy Scheider, Tony Lo Bianco","Realistic, fast-paced and uncommonly smart, The French Connection is bolstered by stellar performances by Gene Hackman and Roy Scheider, not to mention William Friedkin's thrilling production."
Furious 7,2015,81,92762,James Wan,"After defeating international terrorist Owen Shaw, Dominic Toretto (Vin Diesel), Brian O'Conner (Paul Walker) and the rest of the crew... [More]","Vin Diesel, Paul Walker, Dwayne Johnson, Michelle Rodriguez","Serving up a fresh round of over-the-top thrills while adding unexpected dramatic heft, Furious 7 keeps the franchise moving in more ways than one."
La Femme Nikita,1990,89,90862,Luc Besson,"Convicted felon Nikita (Anne Parillaud), instead of going to jail, is given a new identity and trained to be a... [More]","Anne Parillaud, Jean-Hugues Anglade, Tcheky Karyo, Jeanne Moreau",A zany out-of-control thriller that gives lead Anne Parillaud a big character arc and plenty of emotional room to work within.
Supercop,1992,94,97858,Stanley Tong,"To infiltrate a drug cartel, police Inspector Chan Ka Kui (Jackie Chan) goes undercover in a Chinese prison. There, he... [More]","Jackie Chan, Michelle Yeaoh, Maggie Cheung, Ken Tsang","Blending hand-to-hand combat with breathtaking stunts and slapstick comedy, Supercop reminds us why Jackie Chan is one of the world's great entertainers."
Dirty Harry,1971,89,93163,Don Siegel,Cop Harry Callahan (Clint Eastwood) attempts to track down a psychopathic rooftop killer before a kidnapped girl dies. When he... [More],"Clint Eastwood, Harry Guardino, Reni Santoni, John Larch","As tough and taciturn as its no-nonsense hero, Dirty Harry delivers a deceptively layered message without sacrificing an ounce of its solid action impact."
Edge of Tomorrow,2014,91,104924,Doug Liman,"When Earth falls under attack from invincible aliens, no military unit in the world is able to beat them. Maj.... [More]","Tom Cruise, Emily Blunt, Brendan Gleeson, Bill Paxton","Gripping, well-acted, funny, and clever, Edge of Tomorrow offers entertaining proof that Tom Cruise is still more than capable of shouldering the weight of a blockbuster action thriller."
X2,2003,85,93363,Bryan Singer,"Stryker (Brian Cox), a villianous former Army commander, holds the key to Wolverine's (Hugh Jackman) past and the future of... [More]","Patrick Stewart, Hugh Jackman, Ian McKellen, Halle Berry","Tightly scripted, solidly acted, and impressively ambitious, X2: X-Men United is bigger and better than its predecessor -- and a benchmark for comic sequels in general."
The Fugitive,1993,96,102560,Andrew Davis,"Wrongfully accused of murdering his wife, Richard Kimble (Harrison Ford) escapes from the law in an attempt to find her... [More]","Harrison Ford, Tommy Lee Jones, Sela Ward, Julianne Moore","Exhilarating and intense, this high-impact chase thriller is a model of taut and efficient formula filmmaking, and it features Harrison Ford at his frantic best."
Black Panther,2018,96,129329,Ryan Coogler,"After the death of his father, T'Challa returns home to the African nation of Wakanda to take his rightful place... [More]","Chadwick Boseman, Michael B. Jordan, Lupita Nyong'o, Danai Gurira",Black Panther elevates superhero cinema to thrilling new heights while telling one of the MCU's most absorbing stories -- and introducing some of its most fully realized characters.
Inception,2010,87,102242,Christopher Nolan,Dom Cobb (Leonardo DiCaprio) is a thief with the rare ability to enter people's dreams and steal their secrets from... [More],"Leonardo DiCaprio, Joseph Gordon-Levitt, Ellen Page, Tom Hardy","Smart, innovative, and thrilling, Inception is that rare summer blockbuster that succeeds viscerally as well as intellectually."
Braveheart,1995,76,81544,Mel Gibson,Tells the story of the legendary thirteenth century Scottish hero named William Wallace (Mel Gibson). Wallace rallies the Scottish against... [More],"Mel Gibson, Sophie Marceau, Patrick McGoohan, Catherine McCormack","Distractingly violent and historically dodgy, Mel Gibson's Braveheart justifies its epic length by delivering enough sweeping action, drama, and romance to match its ambition."
Minority Report,2002,90,98085,Steven Spielberg,"Based on a story by famed science fiction writer Philip K. Dick, ""Minority Report"" is an action-detective thriller set in... [More]","Tom Cruise, Colin Farrell, Samantha Morton, Max von Sydow","Thought-provoking and visceral, Steven Spielberg successfully combines high concept ideas and high octane action in this fast and febrile sci-fi thriller."
Avengers: Endgame,2019,94,128420,Anthony Russo,"Adrift in space with no food or water, Tony Stark sends a message to Pepper Potts as his oxygen supply... [More]","Robert Downey Jr., Chris Evans, Mark Ruffalo, Chris Hemsworth","Exciting, entertaining, and emotionally impactful, Avengers: Endgame does whatever it takes to deliver a satisfying finale to Marvel's epic Infinity Saga."
Dredd,2012,79,86263,Pete Travis,"Mega City One is a vast, violent metropolis where felons rule the streets. The only law lies with cops called... [More]","Karl Urban, Olivia Thirlby, Lena Headey, Wood Harris","Fueled by bombastic violence and impressive special effects, rooted in self-satire and deadpan humor, Dredd 3D does a remarkable job of capturing its source material's gritty spirit."
The Bourne Identity,2002,84,89633,Doug Liman,"The story of a man (Matt Damon), salvaged, near death, from the ocean by an Italian fishing boat. When he... [More]","Matt Damon, Franka Potente, Chris Cooper, Clive Owen","Expertly blending genre formula with bursts of unexpected wit, The Bourne Identity is an action thriller that delivers -- and then some."
Ip Man,2008,86,86375,Wilson Yip,"The life story of Yip Man, the first person to teach the Chinese martial art of Wing Chun.... [More]","Donnie Yen, Simon Yam, Siu-wong Fan, Ka Tung Lam","At once beholden to the established conventions of the genre and delightfully subversive of them, Ip Man is one of the most exciting -- and refreshingly character-driven -- martial arts films in years."
Face/Off,1997,92,97276,John Woo,"Obsessed with bringing terrorist Castor Troy (Nicolas Cage) to justice, FBI agent Sean Archer (John Travolta) tracks down Troy, who... [More]","John Travolta, Nicolas Cage, Joan Allen, Alessandro Nivola","John Travolta and Nicolas Cage play cat-and-mouse (and literally play each other) against a beautifully stylized backdrop of typically elegant, over-the-top John Woo violence."
To Live and Die in L.A.,1985,85,88341,William Friedkin,"When his longtime partner on the force is killed, reckless U.S. Secret Service agent Richard Chance (William L. Petersen) vows... [More]","William L. Petersen, Willem Dafoe, John Pankow, Debra Feuer","With coke fiends, car chases, and Wang Chung galore, To Live and Die in L.A. is perhaps the ultimate '80s action/thriller."
The Dark Knight,2008,94,108290,Christopher Nolan,"With the help of allies Lt. Jim Gordon (Gary Oldman) and DA Harvey Dent (Aaron Eckhart), Batman (Christian Bale) has... [More]","Christian Bale, Heath Ledger, Aaron Eckhart, Michael Caine","Dark, complex, and unforgettable, The Dark Knight succeeds not just as an entertaining comic book film, but as a richly thrilling crime saga."
Mission: Impossible -- Ghost Protocol,2011,93,103461,Brad Bird,"Blamed for a terrorist attack on the Kremlin, Ethan Hunt (Tom Cruise) and the entire IMF agency are disavowed by... [More]","Tom Cruise, Jeremy Renner, Simon Pegg, Paula Patton","Stylish, fast-paced, and loaded with gripping set pieces, the fourth Mission: Impossible is big-budget popcorn entertainment that really works."
Fast Five,2011,77,85278,Justin Lin,Ever since ex-cop Brian O'Conner (Paul Walker) and Mia Torretto (Jordana Brewster) broke her brother Dom (Vin Diesel) out of... [More],"Vin Diesel, Paul Walker, Jordana Brewster, Tyrese Gibson","Sleek, loud, and over the top, Fast Five proudly embraces its brainless action thrills and injects new life into the franchise."
Lethal Weapon,1987,80,83866,Richard Donner,"Following the death of his wife, Los Angeles police detective Martin Riggs (Mel Gibson) becomes reckless and suicidal. When he... [More]","Mel Gibson, Danny Glover, Gary Busey, Mitchell Ryan","The most successful installment in a phenomenally successful series, Lethal Weapon helped redefine action movies for the 1980s and 1990s."
The Rock,1996,69,71975,Michael Bay,"FBI chemical warfare expert Stanley Goodspeed (Nicolas Cage) is sent on an urgent mission with a former British spy, John... [More]","Sean Connery, Nicolas Cage, Ed Harris, Michael Biehn","For visceral thrills, it can't be beat. Just don't expect The Rock to engage your brain."
RoboCop,1987,91,96900,Paul Verhoeven,"In a violent, near-apocalyptic Detroit, evil corporation Omni Consumer Products wins a contract from the city government to privatize the... [More]","Peter Weller, Nancy Allen, Ronny Cox, Daniel O'Herlihy","While over-the-top and gory, Robocop is also a surprisingly smart sci-fi flick that uses ultraviolence to disguise its satire of American culture."
John Wick: Chapter 2,2017,89,109336,Chad Stahelski,Retired super-assassin John Wick's plans to resume a quiet civilian life are cut short when Italian gangster Santino D'Antonio shows... [More],"Keanu Reeves, Common, Laurence Fishburne, Riccardo Scamarcio","John Wick: Chapter 2 does what a sequel should -- which in this case means doubling down on the non-stop, thrillingly choreographed action that made its predecessor so much fun."
Casino Royale,2006,94,105896,Martin Campbell,"After receiving a license to kill, British Secret Service agent James Bond (Daniel Craig) heads to Madagascar, where he uncovers... [More]","Daniel Craig, Eva Green, Mads Mikkelsen, Judi Dench","Casino Royale disposes of the silliness and gadgetry that plagued recent James Bond outings, and Daniel Craig delivers what fans and critics have been waiting for: a caustic, haunted, intense reinvention of 007."
Baby Driver,2017,92,122978,Edgar Wright,Talented getaway driver Baby (Ansel Elgort) relies on the beat of his personal soundtrack to be the best in the... [More],"Ansel Elgort, Kevin Spacey, Lily James, Jon Bernthal","Stylish, exciting, and fueled by a killer soundtrack, Baby Driver hits the road and it's gone -- proving fast-paced action movies can be smartly written without sacrificing thrills."
Fist of Legend,1994,100,74498,Gordon Chan,"Chinese martial arts student Chen Zhen (Jet Li) is studying in Kyoto, Japan, when he learns his mentor has died... [More]","Jet Li, Chin Siu Ho, Billy Chow, Yasuaki Kurata",No consensus yet.
The Killer,1989,98,99751,John Woo,"Mob assassin Jeffrey (Chow Yun-Fat) is no ordinary hired gun; the best in his business, he views his chosen profession... [More]","Chow Yun-Fat, Danny Lee, Sally Yeh, Kenneth Tsang",The Killer is another hard-boiled action flick from John Woo featuring eye-popping balletic violence and philosophical underpinnings.
The Raid 2,2014,82,88392,Gareth Evans,"After surviving a bloody fight with powerful gangsters, rookie Jakarta cop Rama (Iko Uwais) thinks he can resume a normal... [More]","Iko Uwais, Yayan Ruhian, Arifin Putra, Oka Antara","Although its high-energy plot and over-the-top violence may play better with genre aficionados, The Raid 2 definitely delivers more of everything audiences loved about its predecessor."
Enter the Dragon,1973,95,98743,Robert Clouse,Bruce Lee plays a martial-arts expert determined to help capture the narcotics dealer whose gang was responsible for the death... [More],"Bruce Lee, John Saxon, Jim Kelly, Ahna Capri","Badass to the max, Enter the Dragon is the ultimate kung-fu movie and fitting (if untimely) Bruce Lee swan song."
Commando,1985,67,68256,Mark L. Lester,"Retired Special Forces soldier John Matrix (Arnold Schwarzenegger) lives with daughter Jenny (Alyssa Milano) in isolation, but his privacy is... [More]","Arnold Schwarzenegger, Rae Dawn Chong, Dan Hedaya, Vernon Wells","The ultimate '80s Schwarzenegger movie, replete with a threadbare plot, outsized action, and endless one-liners."
First Blood,1982,86,86250,Ted Kotcheff,Vietnam veteran and drifter John J. Rambo (Sylvester Stallone) wanders into a small Washington town in search of an old... [More],"Sylvester Stallone, Richard Crenna, Brian Dennehy, David Caruso","Much darker and more sensitive than the sequels it spawned, First Blood is a thrilling survival adventure that takes full advantage of Sylvester Stallone's acting skills."
Mission: Impossible Rogue Nation,2015,94,106915,Christopher McQuarrie,"With the IMF now disbanded and Ethan Hunt (Tom Cruise) out in the cold, a new threat -- called the... [More]","Tom Cruise, Jeremy Renner, Simon Pegg, Rebecca Ferguson",Mission: Impossible Rogue Nation continues the franchise's thrilling resurgence -- and proves that Tom Cruise remains an action star without equal.
The Terminator,1984,100,104539,James Cameron,"Disguised as a human, a cyborg assassin known as a Terminator (Arnold Schwarzenegger) travels from 2029 to 1984 to kill... [More]","Arnold Schwarzenegger, Linda Hamilton, Michael Biehn, Paul Winfield","With its impressive action sequences, taut economic direction, and relentlessly fast pace, it's clear why The Terminator continues to be an influence on sci-fi and action flicks."
Gladiator,2000,78,84776,Ridley Scott,"Commodus (Joaquin Phoenix) takes power and strips rank from Maximus (Russell Crowe), one of the favored generals of his predecessor... [More]","Russell Crowe, Joaquin Phoenix, Connie Nielsen, Oliver Reed",Ridley Scott and an excellent cast successfully convey the intensity of Roman gladitorial combat as well as the political intrigue brewing beneath.
Kill Bill: Vol. 1,2003,85,92985,Quentin Tarantino,"A former assassin, known simply as The Bride (Uma Thurman), wakes from a coma four years after her jealous ex-lover... [More]","Uma Thurman, Lucy Liu, Vivica A. Fox, Michael Madsen",Kill Bill is admittedly little more than a stylish revenge thriller -- albeit one that benefits from a wildly inventive surfeit of style.
The Professional,1994,73,76769,Luc Besson,"Mathilda (Natalie Portman) is only 12 years old, but is already familiar with the dark side of life: her abusive... [More]","Jean Reno, Gary Oldman, Natalie Portman, Danny Aiello",Pivoting on the unusual relationship between seasoned hitman and his 12-year-old apprentice -- a breakout turn by young Natalie Portman -- Luc Besson's Léon is a stylish and oddly affecting thriller.
Speed,1994,94,98289,Jan de Bont,Los Angeles police officer Jack (Keanu Reeves) angers retired bomb squad member Howard Payne (Dennis Hopper) by foiling his attempt... [More],"Keanu Reeves, Dennis Hopper, Sandra Bullock, Joe Morton","A terrific popcorn thriller, Speed is taut, tense, and energetic, with outstanding performances from Keanu Reeves, Dennis Hopper, and Sandra Bullock."
Drunken Master II,1994,84,85425,Chia-Liang Liu,"From a land where honor and tradition reign, comes the legend of a martial-arts hero unlike any other -- the... [More]","Jackie Chan, Ti Lung, Anita Mui, Kar-leung Lau",Jackie Chan sends up some amazing and entertaining fight sequences in The Legend of Drunken Master.
John Wick,2014,86,95554,Chad Stahelski,Legendary assassin John Wick (Keanu Reeves) retired from his violent career after marrying the love of his life. Her sudden... [More],"Keanu Reeves, Michael Nyqvist, Alfie Allen, Willem Dafoe","Stylish, thrilling, and giddily kinetic, John Wick serves as a satisfying return to action for Keanu Reeves -- and what looks like it could be the first of a franchise."
"Crouching Tiger, Hidden Dragon",2000,97,102807,Ang Lee,"In 19th century Qing Dynasty China, a warrior (Chow Yun-Fat) gives his sword, Green Destiny, to his lover (Michelle Yeoh)... [More]","Chow Yun-Fat, Michelle Yeoh, Zhang Ziyi, Chen Chang","The movie that catapulted Ang Lee into the ranks of upper echelon Hollywood filmmakers, Crouching Tiger, Hidden Dragon features a deft mix of amazing martial arts battles, beautiful scenery, and tasteful drama."
Predator,1987,80,82777,John McTiernan,"Dutch (Arnold Schwarzenegger), a soldier of fortune, is hired by the U.S. government to secretly rescue a group of politicians... [More]","Arnold Schwarzenegger, Carl Weathers, Jesse Ventura, Elpidia Carrillo","Predator: Part sci-fi, part horror, part action -- all muscle."
The Bourne Ultimatum,2007,92,103323,Paul Greengrass,Jason Bourne (Matt Damon) continues his international quest to uncover his true identity. From Russia to Europe to northern Africa... [More],"Matt Damon, Julia Stiles, Joan Allen, David Strathairn","The Bourne Ultimatum is an intelligent, finely tuned non-stop thrill ride. Another strong performance from Matt Damon and sharp camerawork from Paul Greengrass make this the finest installment of the Bourne trilogy."
Total Recall,1990,82,87035,Paul Verhoeven,Douglas Quaid (Arnold Schwarzenegger) is a bored construction worker in the year 2084 who dreams of visiting the colonized Mars.... [More],"Arnold Schwarzenegger, Rachel Ticotin, Sharon Stone, Ronny Cox","Under Paul Verhoeven's frenetic direction, Total Recall is a fast-paced rush of violence, gore, and humor that never slacks."
Mad Max 2,1981,94,97509,George Miller,"After avenging the death of his wife and young son at the hands of a vicious gang leader, Max (Mel... [More]","Mel Gibson, Bruce Spence, Emil Minty, Vernon Wells","The Road Warrior is everything a bigger-budgeted Mad Max sequel with should be: bigger, faster, louder, but definitely not dumber."
Heat,1995,88,92852,Michael Mann,"Master criminal Neil McCauley (Robert De Niro) is trying to control the rogue actions of one of his men, while... [More]","Al Pacino, Robert De Niro, Val Kilmer, Jon Voight","Though Al Pacino and Robert De Niro share but a handful of screen minutes together, Heat is an engrossing crime drama that draws compelling performances from its stars -- and confirms Michael Mann's mastery of the genre."
The Raid: Redemption,2011,87,93410,Gareth Huw Evans,"A rookie member of an elite team of commandos, Rama (Iko Uwais) is instructed to hang back while his comrades-in-arms... [More]","Iko Uwais, Joe Taslim, Doni Alamsyah, Yayan Ruhian","No frills and all thrills, The Raid: Redemption is an inventive action film expertly paced and edited for maximum entertainment."
Mission: Impossible -- Fallout,2018,97,124607,Christopher McQuarrie,Ethan Hunt and the IMF team join forces with CIA assassin August Walker to prevent a disaster of epic proportions.... [More],"Tom Cruise, Henry Cavill, Ving Rhames, Simon Pegg","Fast, sleek, and fun, Mission: Impossible - Fallout lives up to the ""impossible"" part of its name by setting yet another high mark for insane set pieces in a franchise full of them."
Raiders of the Lost Ark,1981,96,101804,Steven Spielberg,"Dr. Indiana Jones, a renowned archeologist and expert in the occult, is hired by the U.S. Government to find the... [More]","Harrison Ford, Karen Allen, Paul Freeman, Wolf Kahler","Featuring bravura set pieces, sly humor, and white-knuckle action, Raiders of the Lost Ark is one of the most consummately entertaining adventure pictures of all time."
Aliens,1986,98,104680,James Cameron,"After floating in space for 57 years, Lt. Ripley's (Sigourney Weaver) shuttle is found by a deep space salvage team.... [More]","Sigourney Weaver, Carrie Henn, Michael Biehn, Paul Reiser","While Alien was a marvel of slow-building, atmospheric tension, Aliens packs a much more visceral punch, and features a typically strong performance from Sigourney Weaver."
Hard-Boiled,1992,94,96401,John Woo,A cop who loses his partner in a shoot-out with gun smugglers goes on a mission to catch them. In... [More],"Chow Yun-Fat, Bowie Lam, Philip Chan, Tony Leung Chiu Wai","Boasting impactful action as well as surprising emotional resonance, Hard Boiled is a powerful thriller that hits hard in more ways than one."
The Matrix,1999,88,95072,Andy Wachowski,"Neo (Keanu Reeves) believes that Morpheus (Laurence Fishburne), an elusive figure considered to be the most dangerous man alive, can... [More]","Keanu Reeves, Laurence Fishburne, Carrie-Anne Moss, Hugo Weaving","Thanks to the Wachowskis' imaginative vision, The Matrix is a smartly crafted combination of spectacular action and groundbreaking special effects."
Terminator 2: Judgment Day,1991,93,98123,James Cameron,"In this sequel set eleven years after ""The Terminator,"" young John Connor (Edward Furlong), the key to civilization's victory over... [More]","Arnold Schwarzenegger, Linda Hamilton, Edward Furlong, Robert Patrick","T2 features thrilling action sequences and eye-popping visual effects, but what takes this sci-fi/ action landmark to the next level is the depth of the human (and cyborg) characters."
Die Hard,1988,94,99757,John McTiernan,New York City policeman John McClane (Bruce Willis) is visiting his estranged wife (Bonnie Bedelia) and two daughters on Christmas... [More],"Bruce Willis, Alan Rickman, Bonnie Bedelia, Reginald VelJohnson",Its many imitators (and sequels) have never come close to matching the taut thrills of the definitive holiday action classic.
Mad Max: Fury Road,2015,97,114989,George Miller,"Years after the collapse of civilization, the tyrannical Immortan Joe enslaves apocalypse survivors inside the desert fortress the Citadel. When... [More]","Tom Hardy, Charlize Theron, Nicholas Hoult, Hugh Keays-Byrne","With exhilarating action and a surprising amount of narrative heft, Mad Max: Fury Road brings George Miller's post-apocalyptic franchise roaring vigorously back to life."
